{
    "Array":{
        "length":{
            "note": "列表中有几个元素",
            "return": {
                "type": "Number",
                "note": "元素数量"
            }
        },
        "get": {
            "note": "获取某个元素",
            "return": {
                "type": "ArrayElement",
                "note": "得到的元素"
            },
            "args": [
                {
                    "type": "Number",
                    "note": "元素的序号"
                }
            ]
        }
    },
    "Bot":{
        "_count": 136,  
        "DIY_getRecipes": {
            "note": "获取能够制作某物品的所有配方列表",
            "return": {
                "type": "Array:Recipe",
                "note": "配方实例的列表"
            },
            "args": [
                {
                    "type": "Number",
                    "note": "要合成的物品id"
                },
                {
                    "type": "Block",
                    "note": "工作台方块，若此项为空，则仅会获取能在背包制作的配方"
                }
            ]
        },  
        "DIY_goto":{
            "note":"走到某个位置附近",
            "args":[
                {
                    "type":"Vec3",
                    "note":"位置"
                },
                {
                    "type":"Number",
                    "note":"范围，若机器人与目标点的距离小于此值则视为达到目的地"
                }
            ]
        },
        "DIY_findBlockByType": {
            "note": "找附近的某类方块的一个方块",
            "return": {
                "type": "Block",
                "note": "找到的方块"
            },
            "args": [
                {
                    "type": "Number",
                    "note": "方块类别id"
                },
                {
                    "type": "Number",
                    "note": "寻找的距离"
                }
            ]
        },
        "DIY_findBlocksByType": {
            "note": "找附近的某类方块的所有方块",
            "return": {
                "type": "Array:Block",
                "note": "找到的方块列表"
            },
            "args": [
                {
                    "type": "Number",
                    "note": "方块类别id"
                },
                {
                    "type": "Number",
                    "note": "寻找的距离"
                },
                {
                    "type": "count",
                    "note": "找到的上限数量"
                }
            ]
        },
        "DIY_nearestEntityByType": {
            "note": "找附近的某类实体的一个实体",
            "return": {
                "type": "Entity",
                "note": "找到的实体"
            },
            "args": [
                {
                    "type": "Number",
                    "note": "实体类别id"
                }
            ]
        },
        "isSleeping": {
            "note": "是否正在睡觉",
            "return": {
                "type": "Boolean",
                "note": "是否正在睡觉"
            }
        },
        "wake": {
            "note": "睡醒"
        },
        "sleep": {
            "note": "睡觉",
            "args": [
                {
                    "type": "Block",
                    "note": "床方块"
                }
            ]
        },
        "isABed": {
            "note": "某方块是否为床",
            "return": {
                "type": "Boolean",
                "note": "是否为床"
            },
            "args": [
                {
                    "type": "Block",
                    "note": "床"
                }
            ]
        },
        "updateSign": {
            "note": "更改告示牌",
            "args": [
                {
                    "type": "Block",
                    "note": "告示牌方块"
                },
                {
                    "type": "String",
                    "note": "文字"
                }
            ]
        },
        "canSeeBlock": {
            "note": "是否能看到某方块",
            "return": {
                "type": "Boolean",
                "note": "是否能看到"
            },
            "args": [
                {
                    "type": "Block",
                    "note": "方块"
                }
            ]
        },
        "blockAt": {
            "note": "获取某个位置的方块",
            "return": {
                "type": "Block",
                "note": "某个位置的方块"
            },
            "args": [
                {
                    "type": "Vec3",
                    "note": "位置"
                }
            ]
        },
        "waitForChunksToLoad": {
            "note": "等待区块加载"
        },
        "whisper": {
            "note": "私聊某人",
            "args": [
                {
                    "type": "String",
                    "note": "游戏名"
                },
                {
                    "type": "String",
                    "note": "消息"
                }
            ]
        },
        "chat": {
            "note": "在公屏发消息",
            "args": [
                {
                    "type": "String",
                    "note": "消息"
                }
            ]
        },
        "openContainer": {
            "note": "打开容器",
            "return": {
                "type": "Window",
                "note": "容器"
            },
            "args": [
                {
                    "type": "Block|Entity",
                    "note": "要打开的容器"
                }
            ]
        },
        "craft": {
            "note": "合成",
            "args": [
                {
                    "type": "Recipe",
                    "note": "配方"
                },
                {
                    "type": "Number",
                    "note": "执行次数"
                },
                {
                    "type": "Block",
                    "note": "工作台方块（若配方无需工作台则不需要此参数）"
                }
            ]
        },
        "targetDigBlock": {
            "note": "正在挖的方块",
            "return": {
                "type": "Block",
                "note": "正在挖的方块"
            }
        },
        "dig": {
            "note": "挖某方块",
            "args": [
                {
                    "type": "Block",
                    "note": "方块"
                }
            ]
        },
        "canDigBlock": {
            "note": "某方块是否在挖掘范围内",
            "return": {
                "type": "Boolean",
                "note": "是否在挖掘范围内"
            },
            "args": [
                {
                    "type": "Block",
                    "note": "方块"
                }
            ]
        },
        "digTime": {
            "note": "该方块的挖掘耗时（单位毫秒）",
            "return": {
                "type": "Number",
                "note": "挖掘耗时"
            },
            "args": [
                {
                    "type": "Block",
                    "note": "方块"
                }
            ]
        },
        "openEnchantmentTable": {
            "note": "打开附魔台",
            "return": {
                "type": "EnchantmentTable",
                "note": "附魔台"
            },
            "args": [
                {
                    "type": "Block",
                    "note": "附魔台方块"
                }
            ]
        },
        "entities": {
            "note": "身边的实体列表",
            "return": {
                "type": "Array:Entity",
                "note": ""
            }
        },
        "fireworkRocketDuration": {
            "note": "烟花剩余时间",
            "return": {
                "type": "Number",
                "note": "烟花剩余时间"
            }
        },
        "swingArm": {
            "note": "播放挥舞手臂动画"
        },
        "attack": {
            "note": "攻击一个实体",
            "args": [
                {
                    "type": "Entity",
                    "note": "实体"
                }
            ]
        },
        "mount": {
            "note": "搭乘载具",
            "args": [
                {
                    "type": "Entity",
                    "note": "载具实体"
                }
            ]
        },
        "dismount": {
            "note": "取消搭乘载具"
        },
        "useOn": {
            "note": "对目标实体使用手持物品",
            "args": [
                {
                    "type": "Entity",
                    "note": "实体"
                }
            ]
        },
        "moveVehicle": {
            "note": "移动载具",
            "args": [
                {
                    "type": "Number",
                    "note": "负一为右，一为左"
                },
                {
                    "type": "Number",
                    "note": "负一为前，一为后"
                }
            ]
        },
        "experience": {
            "note": "经验信息",
            "return": {
                "type": "data[experience]",
                "note": "经验信息"
            }
        },
        "fish": {
            "note": "钓鱼"
        },
        "openFurnace": {
            "note": "打开熔炉",
            "return": {
                "type": "Furnace",
                "note": "熔炉面板"
            },
            "args": [
                {
                    "type": "Block",
                    "note": "熔炉方块"
                }
            ]
        },
        "game": {
            "note": "游戏信息",
            "return": {
                "type": "data[game]",
                "note": "游戏信息"
            }
        },
        "isAlive": {
            "note": "是否活着",
            "return": {
                "type": "Boolean",
                "note": "是否活着"
            }
        },
        "respawn": {
            "note": "复活"
        },
        "quickBarSlot": {
            "note": "当前哪个快捷栏被选择[0-8]",
            "return": {
                "type": "Number",
                "note": "当前哪个快捷栏被选择"
            }
        },
        "inventory": {
            "note": "背包",
            "return": {
                "type": "Window",
                "note": "背包"
            }
        },
        "usingHeldItem": {
            "note": "是否正在使用手持物品",
            "return": {
                "type": "Boolean",
                "note": "是否正在使用手持物品"
            }
        },
        "activateBlock": {
            "note": "互动某方块（右键方块）",
            "args": [
                {
                    "type": "Block",
                    "note": "目标方块"
                }
            ]
        },
        "activateEntity": {
            "note": "互动某实体（右键实体）",
            "args": [
                {
                    "type": "Entity",
                    "note": "实体"
                }
            ]
        },
        "consume": {
            "note": "吃东西"
        },
        "activateItem": {
            "note": "激活手持物品（手持物品右键）",
            "args": [
                {
                    "type": "Boolean",
                    "note": "是否为反手物品，若此项为空或false，则为正手物品，若为true则为反手物品"
                }
            ]
        },
        "deactivateItem": {
            "note": "取消激活手持物品（手持物品右键松开，例如拉弓时松开右键）"
        },
        "closeWindow": {
            "note": "关掉页面"
        },
        "openBlock": {
            "note": "打开一个方块，获得该方块的打开窗口，例如箱子",
            "return": {
                "type": "Window",
                "note": "打开的窗口"
            },
            "args": [
                {
                    "type": "Block",
                    "note": "要打开的方块"
                }
            ]
        },
        "openEntity": {
            "note": "打开一个有容器的实体，例如村民，获得打开的实体的窗口",
            "return": {
                "type": "Window",
                "note": "打开的窗口"
            },
            "args": [
                {
                    "type": "Entity",
                    "note": "要打开的实体"
                }
            ]
        },
        "moveSlotItem": {
            "note": "在当前窗口，将某一格的物品移动到另一格",
            "args": [
                {
                    "type": "Number",
                    "note": "从哪一格"
                },
                {
                    "type": "Number",
                    "note": "移动到哪一格"
                }
            ]
        },
        "updateHeldItem": {
            "note": "更新机器人的手持物品属性"
        },
        "quit": {
            "note": "退出服务器",
            "args": [
                {
                    "type": "String",
                    "note": "推出出原因，此项可为空"
                }
            ]
        },
        "elytraFly": {
            "note": "激活鞘翅"
        },
        "lookAt": {
            "note": "看向某个位置",
            "args": [
                {
                    "type": "Vec3",
                    "note": "位置"
                }
            ]
        },
        "placeBlock": {
            "note": "放置一个新的方块在一个已有方块的某个面上",
            "args": [
                {
                    "type": "Block",
                    "note": "已有方块"
                },
                {
                    "type": "Vec3",
                    "note": "已有方块的哪个面，他必须是以下值之一",
                    "selections":[
                        {
                            "value": "top",
                            "note": "上面"
                        },
                        {
                            "value": "buttom",
                            "note": "下面"
                        },
                        {
                            "value": "north",
                            "note": "北面"
                        },
                        {
                            "value": "south",
                            "note": "南面"
                        },
                        {
                            "value": "east",
                            "note": "东面"
                        },
                        {
                            "value": "west",
                            "note": "西面"
                        }
                    ]
                }
            ]
        },
        "isRaining": {
            "note": "是否正在下雨",
            "return": {
                "type": "Boolean",
                "note": "是否正在下雨"
            }
        },
        "thunderState": {
            "note": "当前雷暴等级",
            "return": {
                "type": "Number",
                "note": "当前雷暴等级"
            }
        },
        "rainState": {
            "note": "当前下雨等级",
            "return": {
                "type": "Number",
                "note": "当前下雨等级"
            }
        },
        "blockAtCursor": {
            "note": "获取指针对准的方块",
            "return": {
                "type": "Block",
                "note": "方块"
            },
            "args": [
                {
                    "type": "Number",
                    "note": "搜索的最大距离，默认为256，此项可为空"
                }
            ]
        },
        "entityAtCursor": {
            "note": "获取指针对准的实体",
            "return": {
                "type": "Entity",
                "note": "实体"
            },
            "args": [
                {
                    "type": "Number",
                    "note": "搜索的最大距离，默认为3.5，此项可为空"
                }
            ]
        },
        "blockAtEntityCursor": {
            "note": "获取某个实体指针对准的方块",
            "return": {
                "type": "Block",
                "note": "方块"
            },
            "args": [
                {
                    "type": "Entity",
                    "note": "实体"
                },
                {
                    "type": "Number",
                    "note": "搜索的最大距离，默认为256，此项可为空"
                }
            ]
        },
        "settings": {
            "note": "设置信息",
            "return": {
                "type": "data[settings]",
                "note": "设置信息"
            }
        },
        "equip": {
            "note": "装备装备",
            "args": [
                {
                    "type": "Item|number",
                    "note": "某物品或物品id，若为物品id，则会装备搜索到的第一个此类物品"
                },
                {
                    "type": "String",
                    "note": "装备到哪一格，他必须是以下当中一个",
                    "selections":[
                        {
                            "value": "hand",
                            "note": "主手"
                        },
                        {
                            "value": "head",
                            "note": "头盔"
                        },
                        {
                            "value": "torso",
                            "note": "胸甲"
                        },
                        {
                            "value": "legs",
                            "note": "裤子"
                        },
                        {
                            "value": "feet",
                            "note": "鞋子"
                        },
                        {
                            "value": "off-hand",
                            "note": "副手"
                        }
                    ]
                }
            ]
        },
        "unequip": {
            "note": "卸下装备",
            "args": [
                {
                    "type": "String",
                    "note": "卸下哪一格的装备，他必须是以下当中一个",
                    "selections":[
                        {
                            "value": "hand",
                            "note": "主手"
                        },
                        {
                            "value": "head",
                            "note": "头盔"
                        },
                        {
                            "value": "torso",
                            "note": "胸甲"
                        },
                        {
                            "value": "legs",
                            "note": "裤子"
                        },
                        {
                            "value": "feet",
                            "note": "鞋子"
                        },
                        {
                            "value": "off-hand",
                            "note": "副手"
                        }
                    ]
                }
            ]
        },
        "toss": {
            "note": "投掷",
            "args": [
                {
                    "type": "Number",
                    "note": "投掷的物品id"
                }
            ]
        },
        "setQuickBarSlot": {
            "note": "选择手持哪一快捷栏物品",
            "args": [
                {
                    "type": "Number",
                    "note": "快捷栏序号，此项必须是数字0"
                }
            ]
        },
        "QUICK_BAR_START": {
            "note": "快捷栏在背包里的起始序号",
            "return": {
                "type": "Number",
                "note": "快捷栏在背包里的起始序号"
            }
        },
        "spawnPoint": {
            "note": "出生点位置",
            "return": {
                "type": "Vec3",
                "note": "出生点位置"
            }
        },
        "time": {
            "note": "时间信息",
            "return": {
                "type": "data[time]",
                "note": ""
            }
        },
        "openVillager": {
            "note": "打开村民",
            "return": {
                "type": "Villager",
                "note": "村民交易"
            },
            "args": [
                {
                    "type": "Entity",
                    "note": "村民实体"
                }
            ]
        },
        "trade": {
            "note": "与村民交易",
            "args": [
                {
                    "type": "Villager",
                    "note": "村民交易实例"
                },
                {
                    "type": "Number",
                    "note": "交易序号"
                }
            ]
        },
        "openAnvil": {
            "note": "打开铁砧",
            "return": {
                "type": "Anvil",
                "note": "铁砧"
            },
            "args": [
                {
                    "type": "Block",
                    "note": "铁砧方块"
                }
            ]
        },
        "entity": {
            "note": "自身实体实例",
            "return": {
                "type": "Entity",
                "note": "自身实体实例"
            }
        },
        "username": {
            "note": "服务器登录名",
            "return": {
                "type": "String",
                "note": "服务器登录名"
            }
        }
        
    },
    "Block":{
        "_count": 20,
        "biome": {
            "note": "生物群系",
            "return": {
                "type": "Biome",
                "note": "生物群系"
            }
        },
        "position": {
            "note": "位置",
            "return": {
                "type": "Vec3",
                "note": "位置"
            }
        },
        "name": {
            "note": "方块名",
            "return": {
                "type": "String",
                "note": "方块名"
            }
        },
        "hardness": {
            "note": "硬度",
            "return": {
                "type": "Number",
                "note": "硬度"
            }
        },
        "displayName": {
            "note": "展示名",
            "return": {
                "type": "String",
                "note": "展示名"
            }
        },
        "boundingBox": {
            "note": "碰撞箱（只可能为以下值之一:block, empty）",
            "return": {
                "type": "String",
                "note": "碰撞箱"
            }
        },
        "transparent": {
            "note": "是否透明",
            "return": {
                "type": "Boolean",
                "note": "是否透明"
            }
        },
        "diggable": {
            "note": "能否被挖掘",
            "return": {
                "type": "Boolean",
                "note": "能否被挖掘"
            }
        },
        "drops": {
            "note": "掉落物的id列表",
            "return": {
                "type": "Array:Number",
                "note": ""
            }
        }
    },
    "Entity":{
        "_count": 23,
        "position": {
            "note": "位置",
            "return": {
                "type": "Vec3",
                "note": "位置"
            }
        },
        "velocity": {
            "note": "移动速度",
            "return": {
                "type": "Vec3",
                "note": "移动速度"
            }
        },
        "yaw": {
            "note": "偏航（-pi~+pi）",
            "return": {
                "type": "Number",
                "note": "偏航（-pi~+pi）"
            }
        },
        "pitch": {
            "note": "俯仰（-pi~+pi）",
            "return": {
                "type": "Number",
                "note": "俯仰（-pi~+pi）"
            }
        },
        "onGround": {
            "note": "是否在地上",
            "return": {
                "type": "Boolean",
                "note": "是否在地上"
            }
        },
        "height": {
            "note": "高度",
            "return": {
                "type": "Number",
                "note": "高度"
            }
        },
        "width": {
            "note": "宽度",
            "return": {
                "type": "Number",
                "note": "宽度"
            }
        },
        "equipment": {
            "note": "装备列表",
            "return": {
                "type": "Array:Item",
                "note": "装备列表"
            }
        },
        "isInWater": {
            "note": "是否在水中",
            "return": {
                "type": "Boolean",
                "note": "是否在水中"
            }
        },
        "isInLava": {
            "note": "是否在岩浆中",
            "return": {
                "type": "Boolean",
                "note": "是否在岩浆中"
            }
        },
        "isInWeb": {
            "note": "是否在蜘蛛网中",
            "return": {
                "type": "Boolean",
                "note": "是否在蜘蛛网中"
            }
        },
        "elytraFlying": {
            "note": "是否在飞行",
            "return": {
                "type": "Boolean",
                "note": "是否在飞行"
            }
        }
    },
    "Window":{
        "_count": 16,
        "title": {
            "note": "窗口标题",
            "return": {
                "type": "String",
                "note": "窗口标题"
            }
        },
        "slots": {
            "note": "物品数组",
            "return": {
                "type": "Array:Item",
                "note": "物品数组"
            }
        },
        "inventoryStart": {
            "note": "容器开始序号",
            "return": {
                "type": "Number",
                "note": "容器开始序号"
            }
        },
        "inventoryEnd": {
            "note": "容器结束序号",
            "return": {
                "type": "Number",
                "note": "容器结束序号"
            }
        },
        "hotbarStart": {
            "note": "快捷栏开始序号",
            "return": {
                "type": "Number",
                "note": "快捷栏开始序号"
            }
        },
        "craftingResultSlot": {
            "note": "合成的输出栏序号",
            "return": {
                "type": "Number",
                "note": "合成的输出栏序号"
            }
        }
    }
}