{
    "_count": 23,
    "position": {
        "note": "位置",
        "return": {
            "type": "Vec3",
            "note": "位置"
        }
    },
    "velocity": {
        "note": "移动速度",
        "return": {
            "type": "Vec3",
            "note": "移动速度"
        }
    },
    "yaw": {
        "note": "偏航（-pi~+pi）",
        "return": {
            "type": "Number",
            "note": "偏航（-pi~+pi）"
        }
    },
    "pitch": {
        "note": "俯仰（-pi~+pi）",
        "return": {
            "type": "Number",
            "note": "俯仰（-pi~+pi）"
        }
    },
    "onGround": {
        "note": "是否在地上",
        "return": {
            "type": "Boolean",
            "note": "是否在地上"
        }
    },
    "height": {
        "note": "高度",
        "return": {
            "type": "Number",
            "note": "高度"
        }
    },
    "width": {
        "note": "宽度",
        "return": {
            "type": "Number",
            "note": "宽度"
        }
    },
    "equipment": {
        "note": "装备列表",
        "return": {
            "type": "Array",
            "note": "装备列表"
        }
    },
    "isInWater": {
        "note": "是否在水中",
        "return": {
            "type": "Boolean",
            "note": "是否在水中"
        }
    },
    "isInLava": {
        "note": "是否在岩浆中",
        "return": {
            "type": "Boolean",
            "note": "是否在岩浆中"
        }
    },
    "isInWeb": {
        "note": "是否在蜘蛛网中",
        "return": {
            "type": "Boolean",
            "note": "是否在蜘蛛网中"
        }
    },
    "elytraFlying": {
        "note": "是否在飞行",
        "return": {
            "type": "Boolean",
            "note": "是否在飞行"
        }
    }
}